퍼스널컬러,향라벨_top1,향라벨_top2,향라벨_top3,향라벨_top4,향라벨_top5
봄웜라이트,Fruity,Honey,Floral,Citrus,Anisic
봄웜브라이트,Citrus,Fruity,Floral,Honey,Anisic
여름쿨라이트,Minty,Green,Acidic,Ozonic,Herbal
여름쿨뮤트,Powdery,Herbal,Marine,Ozonic,Green
여름쿨브라이트,Acidic,Ozonic,Minty,Green,Marine
가을웜뮤트,Balsamic,Food,Tobacco,Amber,Aromatic
가을웜소프트,Aromatic,Amber,Spicy,Balsamic,Food
가을웜딥,Tobacco,Smoky,Balsamic,Food,Earthy
겨울쿨딥,Musk,Animal,Woody,Sulfurous,Aldehydic
겨울쿨브라이트,Camphoraceous,Aldehydic,Sulfurous,Animal,Musk
